{"train": {"loss": 8, "custom_step_train": 4}, "_timestamp": 1662721942.2553139, "_runtime": 5.182355880737305, "_step": 3, "_wandb": {"runtime": 2}}