{"train": {"loss": 5, "custom_step_train": 4}, "_timestamp": 1662722157.488105, "_runtime": 5.324221134185791, "_step": 3, "_wandb": {"runtime": 3}}