{"train": {"loss": 8}, "_timestamp": 1662720369.596867, "_runtime": 11.025045156478882, "_step": 19}