{"train": {"loss": 5, "custom_step_train": 4}, "_timestamp": 1662722220.0514119, "_runtime": 4.576848983764648, "_step": 3, "_wandb": {"runtime": 3}}