{"train": {"loss": 4, "custom_step_train": 4}, "_timestamp": 1662722210.431211, "_runtime": 4.366760015487671, "_step": 3, "_wandb": {"runtime": 3}}