{"train": {"loss": 6, "custom_step_train": 4}, "_timestamp": 1662721989.8226402, "_runtime": 4.548665285110474, "_step": 3, "_wandb": {"runtime": 2}}