{"train": {"loss": 7, "custom_step_train": 4}, "_timestamp": 1662722174.9291131, "_runtime": 4.307017087936401, "_step": 3, "_wandb": {"runtime": 2}}