{"train": {"loss": 4, "custom_step_train": 4}, "_timestamp": 1662721970.437608, "_runtime": 4.809964895248413, "_step": 3, "_wandb": {"runtime": 4}}