{"train": {"loss": 8, "custom_step_train": 4}, "_timestamp": 1662721709.339066, "_runtime": 9.742509126663208, "_step": 19}