{"train": {"loss": 8}, "_timestamp": 1662720544.702476, "_runtime": 4.519423961639404, "_step": 19}