{"train": {"loss": 4, "custom_step_train": 4}, "_timestamp": 1662721901.831851, "_runtime": 6.150511026382446, "_step": 3, "_wandb": {"runtime": 3}}