{"train": {"loss": 6, "custom_step_train": 4}, "_timestamp": 1662721923.918159, "_runtime": 6.159456014633179, "_step": 3, "_wandb": {"runtime": 3}}