{"train": {"loss": 8}, "_timestamp": 1662720475.2018182, "_runtime": 5.309337139129639, "_step": 19}