{"train": {"loss": 8, "custom_step_train": 4}, "_timestamp": 1662722183.720887, "_runtime": 4.650867938995361, "_step": 3, "_wandb": {"runtime": 3}}