{"train": {"loss": 8, "custom_step_train": 4}, "_timestamp": 1662721317.132616, "_runtime": 5.3318190574646, "_step": 19}