{"train": {"loss": 8, "custom_step_train": 4}, "_timestamp": 1662721598.446592, "_runtime": 15.115069150924683, "_step": 19}