{"train": {"loss": 8}, "_timestamp": 1662720103.1211572, "_runtime": 4.343207120895386, "_step": 19}