{"train": {"loss": 7, "custom_step_train": 4}, "_timestamp": 1662721933.007979, "_runtime": 5.529958009719849, "_step": 3, "_wandb": {"runtime": 3}}