{"train": {"loss": 8, "custom_step_train": 4}, "_timestamp": 1662721767.052791, "_runtime": 3.7025651931762695, "_step": 19}