{"train": {"loss": 4, "custom_step_train": 4}, "_timestamp": 1662722146.73068, "_runtime": 5.391810894012451, "_step": 3, "_wandb": {"runtime": 3}}