{"train": {"loss": 8}, "_timestamp": 1662720713.961012, "_runtime": 4.691886901855469, "_step": 19}