{"train": {"loss": 8, "custom_step_train": 4}, "_timestamp": 1662720761.858755, "_runtime": 4.597738027572632, "_step": 19}