{"train": {"loss": 7, "custom_step_train": 4}, "_timestamp": 1662721998.118177, "_runtime": 4.397457838058472, "_step": 3, "_wandb": {"runtime": 2}}