{"train": {"loss": 8, "custom_step_train": 4}, "_timestamp": 1662722006.830671, "_runtime": 4.605802059173584, "_step": 3, "_wandb": {"runtime": 3}}