{"train": {"loss": 8}, "_timestamp": 1662720070.997698, "_runtime": 91.46181917190552, "_step": 39}