{"train": {"loss": 7, "custom_step_train": 4}, "_timestamp": 1662722237.960255, "_runtime": 4.381408929824829, "_step": 3, "_wandb": {"runtime": 2}}