{"train": {"loss": 5, "custom_step_train": 4}, "_timestamp": 1662721980.15451, "_runtime": 4.265232086181641, "_step": 3, "_wandb": {"runtime": 2}}