{"train": {"loss": 5, "custom_step_train": 4}, "_timestamp": 1662721913.395253, "_runtime": 6.618099927902222, "_step": 3, "_wandb": {"runtime": 3}}