{"train": {"loss": 6, "custom_step_train": 4}, "_timestamp": 1662722166.373386, "_runtime": 4.5528459548950195, "_step": 3, "_wandb": {"runtime": 3}}