{"train": {"loss": 8, "custom_step_train": 4}, "_timestamp": 1662721414.365011, "_runtime": 8.075984001159668, "_step": 19}