{"train": {"loss": 8, "custom_step_train": 4}, "_timestamp": 1662722247.294621, "_runtime": 5.170778036117554, "_step": 3, "_wandb": {"runtime": 2}}