{"train": {"loss": 6, "custom_step_train": 4}, "_timestamp": 1662722228.790873, "_runtime": 4.88010311126709, "_step": 3, "_wandb": {"runtime": 3}}