{"train": {"loss": 8, "custom_step_train": 4}, "_timestamp": 1662721247.821141, "_runtime": 5.480762958526611, "_step": 19}